Score	Druggability Score	Number of Alpha Spheres	Total SASA	Polar SASA	Apolar SASA	Volume	Mean local hydrophobic density	Mean alpha sphere radius	Mean alp. sph. solvent access	Apolar alpha sphere proportion	Hydrophobicity score	Volume score	Polarity score	Charge score	Proportion of polar atoms	Alpha sphere density	Cent. of mass - Alpha Sphere max dist	Flexibility	pocket_number	searched_coordinate	searched_residue	pdb_code
0.167	0.001	16	8.045	3.214	4.831	71.749	6.000	3.234	0.334	0.438	41.429	3.143	0	0	28.571	1.943	4.273	0.365	16	[ 150.387 -145.981  -46.653]	177	1MTY
0.008	0.002	23	95.207	43.279	51.928	262.884	4.000	3.428	0.578	0.217	-4.091	4.091	9	1	48.276	3.662	9.804	0.178	30	[ 147.228 -129.119  -48.94 ]	111	1MTY
0.056	0.001	19	49.286	23.926	25.360	143.223	6.000	3.351	0.505	0.368	11.000	3.667	5	0	42.857	2.402	4.078	0.437	29	[ 159.868 -127.861  -35.405]	279	1MTY
0.253	0.009	30	39.650	11.875	27.775	155.494	9.333	3.280	0.513	0.400	40.000	3.833	2	0	33.333	3.593	9.032	0.507	5	[ 166.096 -139.649  -45.201]	347	1MTY
0.186	0.002	21	5.810	2.187	3.623	78.266	9.000	3.254	0.425	0.476	10.800	4.200	7	0	41.176	1.835	3.764	0.171	13	[ 159.868 -127.861  -35.405]	279	1MTY
0.893	0.993	123	113.763	18.281	95.482	638.007	35.973	3.328	0.434	0.610	50.343	4.629	12	2	31.461	7.593	19.236	0.322	1	[ 156.071 -131.925  -55.42 ]	103	1MTY
0.893	0.993	123	113.763	18.281	95.482	638.007	35.973	3.328	0.434	0.610	50.343	4.629	12	2	31.461	7.593	19.236	0.322	1	[ 166.096 -139.649  -45.201]	347	1MTY
0.893	0.993	123	113.763	18.281	95.482	638.007	35.973	3.328	0.434	0.610	50.343	4.629	12	2	31.461	7.593	19.236	0.322	1	[ 150.387 -145.981  -46.653]	177	1MTY
0.893	0.993	123	113.763	18.281	95.482	638.007	35.973	3.328	0.434	0.610	50.343	4.629	12	2	31.461	7.593	19.236	0.322	1	[ 147.918 -143.169  -45.978]	176	1MTY
0.211	0.021	26	1.208	0.000	1.208	64.449	19.000	3.104	0.399	0.769	29.111	4.222	5	0	35.000	1.691	4.766	0.279	8	[ 156.071 -131.925  -55.42 ]	103	1MTY
0.260	0.005	23	16.607	4.286	12.321	126.369	10.000	3.233	0.524	0.478	29.583	3.417	4	-3	37.037	2.978	5.721	0.605	4	[ 147.228 -129.119  -48.94 ]	111	1MTY
0.260	0.005	23	16.607	4.286	12.321	126.369	10.000	3.233	0.524	0.478	29.583	3.417	4	-3	37.037	2.978	5.721	0.605	4	[ 152.838 -119.823  -40.544]	209	1MTY
0.102	0.009	22	52.662	14.017	38.644	151.331	13.000	3.297	0.579	0.636	63.375	4.250	2	0	30.769	2.887	5.922	0.271	24	[ 138.873 -119.253  -43.371]	141	1MTY
0.245	0.003	29	43.800	17.232	26.568	172.027	5.000	3.308	0.388	0.207	7.214	3.714	9	0	57.692	3.699	7.028	0.676	6	[ 138.873 -119.253  -43.371]	141	1MTY
0.103	0.003	33	105.969	69.503	36.466	229.223	8.200	3.331	0.443	0.303	20.636	4.545	8	2	41.935	4.503	10.975	0.204	23	[ 150.387 -145.981  -46.653]	177	1MTY
0.103	0.003	33	105.969	69.503	36.466	229.223	8.200	3.331	0.443	0.303	20.636	4.545	8	2	41.935	4.503	10.975	0.204	23	[ 147.918 -143.169  -45.978]	176	1MTY
0.466	0.854	58	79.862	0.000	79.862	359.832	33.000	3.326	0.406	1.000	84.905	5.190	3	0	12.000	5.859	12.102	0.530	2	[ 156.071 -131.925  -55.42 ]	103	1MTY
0.466	0.854	58	79.862	0.000	79.862	359.832	33.000	3.326	0.406	1.000	84.905	5.190	3	0	12.000	5.859	12.102	0.530	2	[ 161.801 -129.789  -44.912]	286	1MTY
0.466	0.854	58	79.862	0.000	79.862	359.832	33.000	3.326	0.406	1.000	84.905	5.190	3	0	12.000	5.859	12.102	0.530	2	[ 147.228 -129.119  -48.94 ]	111	1MTY
0.207	0.005	23	10.732	1.071	9.661	72.926	16.000	3.114	0.422	0.739	48.111	4.222	4	0	22.727	2.274	4.369	0.517	13	[ -28.793 -112.935   69.683]	209	4GAM
0.249	0.002	20	9.002	5.379	3.623	98.525	7.000	3.181	0.321	0.400	50.200	3.600	1	0	29.412	2.757	5.382	0.415	11	[-23.411 -89.057  56.021]	177	4GAM
0.249	0.002	20	9.002	5.379	3.623	98.525	7.000	3.181	0.321	0.400	50.200	3.600	1	0	29.412	2.757	5.382	0.415	11	[-21.987 -90.572  59.213]	176	4GAM
0.434	0.215	47	28.461	4.308	24.153	205.216	31.316	3.236	0.395	0.809	40.400	4.667	6	1	21.212	4.316	8.731	0.441	4	[-23.411 -89.057  56.021]	177	4GAM
0.162	0.003	23	12.920	3.259	9.661	76.541	14.000	3.248	0.428	0.652	10.800	4.200	7	0	41.176	1.870	3.918	0.498	15	[ -37.374 -105.626   63.441]	279	4GAM
0.774	0.984	96	76.256	4.286	71.970	485.284	41.682	3.275	0.428	0.917	64.393	4.429	6	-2	22.973	7.249	18.867	0.479	2	[ -20.309 -106.071   52.401]	103	4GAM
0.774	0.984	96	76.256	4.286	71.970	485.284	41.682	3.275	0.428	0.917	64.393	4.429	6	-2	22.973	7.249	18.867	0.479	2	[ -31.187 -106.413   55.625]	286	4GAM
0.774	0.984	96	76.256	4.286	71.970	485.284	41.682	3.275	0.428	0.917	64.393	4.429	6	-2	22.973	7.249	18.867	0.479	2	[ -19.391 -104.468   63.638]	111	4GAM
0.774	0.984	96	76.256	4.286	71.970	485.284	41.682	3.275	0.428	0.917	64.393	4.429	6	-2	22.973	7.249	18.867	0.479	2	[ -37.374 -105.626   63.441]	279	4GAM
0.774	0.984	96	76.256	4.286	71.970	485.284	41.682	3.275	0.428	0.917	64.393	4.429	6	-2	22.973	7.249	18.867	0.479	2	[ -28.793 -112.935   69.683]	209	4GAM
0.918	0.970	133	105.573	15.000	90.572	648.364	40.094	3.299	0.400	0.639	46.667	4.545	12	2	31.034	7.341	17.764	0.349	1	[ -20.309 -106.071   52.401]	103	4GAM
0.918	0.970	133	105.573	15.000	90.572	648.364	40.094	3.299	0.400	0.639	46.667	4.545	12	2	31.034	7.341	17.764	0.349	1	[-36.459 -98.796  51.439]	346	4GAM
0.918	0.970	133	105.573	15.000	90.572	648.364	40.094	3.299	0.400	0.639	46.667	4.545	12	2	31.034	7.341	17.764	0.349	1	[-23.411 -89.057  56.021]	177	4GAM
0.918	0.970	133	105.573	15.000	90.572	648.364	40.094	3.299	0.400	0.639	46.667	4.545	12	2	31.034	7.341	17.764	0.349	1	[ -31.187 -106.413   55.625]	286	4GAM
0.918	0.970	133	105.573	15.000	90.572	648.364	40.094	3.299	0.400	0.639	46.667	4.545	12	2	31.034	7.341	17.764	0.349	1	[-21.987 -90.572  59.213]	176	4GAM
0.216	0.001	29	18.321	8.660	9.661	103.613	2.000	3.278	0.474	0.103	10.800	3.900	6	0	50.000	2.442	4.998	0.604	12	[ -17.893 -109.356   76.565]	141	4GAM
0.148	0.011	19	55.577	9.687	45.890	159.154	11.600	3.330	0.524	0.789	52.889	4.222	3	-1	32.000	3.712	8.601	0.385	17	[ -17.893 -109.356   76.565]	141	4GAM
0.445	0.341	67	69.647	32.210	37.436	311.881	26.054	3.312	0.436	0.552	26.789	3.684	6	-1	34.615	5.202	12.744	0.425	3	[-36.459 -98.796  51.439]	346	4GAM
0.155	0.004	20	1.208	0.000	1.208	54.350	18.000	3.142	0.350	0.950	44.000	4.833	3	-1	26.667	1.399	3.070	0.371	16	[ -20.309 -106.071   52.401]	103	4GAM
0.134	0.000	18	5.902	1.071	4.831	55.917	2.000	3.293	0.452	0.167	23.250	4.250	5	2	40.000	1.273	2.770	0.211	18	[  39.37  -100.061   20.122]	188	6VK8
0.134	0.000	18	5.902	1.071	4.831	55.917	2.000	3.293	0.452	0.167	23.250	4.250	5	2	40.000	1.273	2.770	0.211	18	[  34.662 -107.505   18.036]	282	6VK8
0.188	0.004	34	67.354	35.956	31.398	170.059	10.667	3.352	0.416	0.353	27.273	4.545	7	3	45.833	3.643	6.995	0.189	15	[  29.252 -104.399   27.178]	180	6VK8
0.188	0.004	34	67.354	35.956	31.398	170.059	10.667	3.352	0.416	0.353	27.273	4.545	7	3	45.833	3.643	6.995	0.189	15	[  28.887 -104.353   30.983]	179	6VK8
0.352	0.005	35	15.703	9.665	6.038	194.667	9.455	3.341	0.378	0.314	36.286	4.571	8	1	34.483	3.093	6.691	0.138	6	[  22.877 -109.302   26.383]	350	6VK8
0.352	0.005	35	15.703	9.665	6.038	194.667	9.455	3.341	0.378	0.314	36.286	4.571	8	1	34.483	3.093	6.691	0.138	6	[  24.434 -106.651   16.968]	289	6VK8
0.132	0.002	16	11.554	4.308	7.246	71.695	12.000	3.304	0.473	0.812	10.857	4.143	4	2	31.250	1.596	3.444	0.112	19	[  29.252 -104.399   27.178]	180	6VK8
0.132	0.002	16	11.554	4.308	7.246	71.695	12.000	3.304	0.473	0.812	10.857	4.143	4	2	31.250	1.596	3.444	0.112	19	[  28.887 -104.353   30.983]	179	6VK8
0.644	0.856	55	31.878	7.567	24.311	341.425	31.238	3.288	0.431	0.764	54.900	4.250	3	1	26.531	5.438	14.482	0.251	3	[  22.877 -109.302   26.383]	350	6VK8
0.644	0.856	55	31.878	7.567	24.311	341.425	31.238	3.288	0.431	0.764	54.900	4.250	3	1	26.531	5.438	14.482	0.251	3	[  29.252 -104.399   27.178]	180	6VK8
0.644	0.856	55	31.878	7.567	24.311	341.425	31.238	3.288	0.431	0.764	54.900	4.250	3	1	26.531	5.438	14.482	0.251	3	[  28.887 -104.353   30.983]	179	6VK8
0.734	0.613	96	87.850	32.299	55.551	399.802	26.308	3.278	0.454	0.542	29.864	3.727	6	-1	35.938	6.643	13.905	0.267	2	[  22.877 -109.302   26.383]	350	6VK8
0.734	0.613	96	87.850	32.299	55.551	399.802	26.308	3.278	0.454	0.542	29.864	3.727	6	-1	35.938	6.643	13.905	0.267	2	[  29.252 -104.399   27.178]	180	6VK8
0.734	0.613	96	87.850	32.299	55.551	399.802	26.308	3.278	0.454	0.542	29.864	3.727	6	-1	35.938	6.643	13.905	0.267	2	[  28.887 -104.353   30.983]	179	6VK8
0.734	0.613	96	87.850	32.299	55.551	399.802	26.308	3.278	0.454	0.542	29.864	3.727	6	-1	35.938	6.643	13.905	0.267	2	[  34.662 -107.505   18.036]	282	6VK8
0.085	0.003	25	93.000	73.678	19.322	235.247	4.000	3.421	0.463	0.200	9.071	4.214	10	0	53.333	4.090	9.910	0.542	26	[  39.37  -100.061   20.122]	188	6VK8
0.288	0.029	21	6.904	3.281	3.623	77.306	19.429	3.136	0.315	1.000	86.375	5.625	3	1	12.500	2.841	6.557	0.096	10	[  22.877 -109.302   26.383]	350	6VK8
1.302	0.998	104	37.674	0.000	37.674	677.143	38.947	3.282	0.418	0.913	58.629	4.229	7	-4	23.256	8.366	22.329	0.387	1	[ 27.091 -99.234  16.96 ]	106	6VK8
1.302	0.998	104	37.674	0.000	37.674	677.143	38.947	3.282	0.418	0.913	58.629	4.229	7	-4	23.256	8.366	22.329	0.387	1	[  22.877 -109.302   26.383]	350	6VK8
1.302	0.998	104	37.674	0.000	37.674	677.143	38.947	3.282	0.418	0.913	58.629	4.229	7	-4	23.256	8.366	22.329	0.387	1	[  29.252 -104.399   27.178]	180	6VK8
1.302	0.998	104	37.674	0.000	37.674	677.143	38.947	3.282	0.418	0.913	58.629	4.229	7	-4	23.256	8.366	22.329	0.387	1	[  24.434 -106.651   16.968]	289	6VK8
1.302	0.998	104	37.674	0.000	37.674	677.143	38.947	3.282	0.418	0.913	58.629	4.229	7	-4	23.256	8.366	22.329	0.387	1	[  28.887 -104.353   30.983]	179	6VK8
1.302	0.998	104	37.674	0.000	37.674	677.143	38.947	3.282	0.418	0.913	58.629	4.229	7	-4	23.256	8.366	22.329	0.387	1	[  39.37  -100.061   20.122]	188	6VK8
1.302	0.998	104	37.674	0.000	37.674	677.143	38.947	3.282	0.418	0.913	58.629	4.229	7	-4	23.256	8.366	22.329	0.387	1	[ 37.298 -93.107  16.611]	114	6VK8
1.302	0.998	104	37.674	0.000	37.674	677.143	38.947	3.282	0.418	0.913	58.629	4.229	7	-4	23.256	8.366	22.329	0.387	1	[ 39.701 -89.621  13.524]	144	6VK8
1.302	0.998	104	37.674	0.000	37.674	677.143	38.947	3.282	0.418	0.913	58.629	4.229	7	-4	23.256	8.366	22.329	0.387	1	[  34.662 -107.505   18.036]	282	6VK8
1.302	0.998	104	37.674	0.000	37.674	677.143	38.947	3.282	0.418	0.913	58.629	4.229	7	-4	23.256	8.366	22.329	0.387	1	[  38.068 -104.932   11.56 ]	212	6VK8
0.155	0.005	16	0.000	0.000	0.000	38.612	15.000	3.079	0.398	1.000	84.500	5.167	1	0	14.286	1.285	2.916	0.346	24	[  34.115 -108.014   18.56 ]	282	6YD0
0.155	0.005	16	0.000	0.000	0.000	38.612	15.000	3.079	0.398	1.000	84.500	5.167	1	0	14.286	1.285	2.916	0.346	24	[  37.238 -105.456   12.279]	212	6YD0
0.142	0.004	29	73.916	42.517	31.398	177.958	10.000	3.318	0.405	0.414	27.273	4.545	7	3	44.000	3.550	7.543	0.260	26	[  29.119 -104.442   27.947]	180	6YD0
0.142	0.004	29	73.916	42.517	31.398	177.958	10.000	3.318	0.405	0.414	27.273	4.545	7	3	44.000	3.550	7.543	0.260	26	[  28.924 -104.43    31.781]	179	6YD0
0.213	0.009	16	0.000	0.000	0.000	59.916	15.000	3.114	0.299	1.000	97.571	5.857	2	0	7.692	1.916	4.262	0.428	16	[  22.87  -109.525   27.376]	350	6YD0
0.355	0.022	52	53.807	23.616	30.191	228.530	12.667	3.304	0.389	0.288	36.286	4.571	8	1	32.353	3.624	8.375	0.224	5	[ 26.618 -99.379  17.718]	106	6YD0
0.355	0.022	52	53.807	23.616	30.191	228.530	12.667	3.304	0.389	0.288	36.286	4.571	8	1	32.353	3.624	8.375	0.224	5	[  22.87  -109.525   27.376]	350	6YD0
0.355	0.022	52	53.807	23.616	30.191	228.530	12.667	3.304	0.389	0.288	36.286	4.571	8	1	32.353	3.624	8.375	0.224	5	[  24.192 -107.011   17.717]	289	6YD0
0.476	0.097	48	109.762	62.764	46.998	316.250	6.750	3.254	0.423	0.167	-6.235	4.059	14	1	55.556	7.177	17.845	0.353	4	[  28.924 -104.43    31.781]	179	6YD0
0.476	0.097	48	109.762	62.764	46.998	316.250	6.750	3.254	0.423	0.167	-6.235	4.059	14	1	55.556	7.177	17.845	0.353	4	[ 38.536 -99.526  21.42 ]	188	6YD0
0.276	0.025	23	17.506	1.071	16.434	116.971	18.000	3.202	0.512	0.826	28.200	3.333	5	-4	30.769	2.949	5.296	0.269	10	[ 38.536 -99.526  21.42 ]	188	6YD0
0.276	0.025	23	17.506	1.071	16.434	116.971	18.000	3.202	0.512	0.826	28.200	3.333	5	-4	30.769	2.949	5.296	0.269	10	[ 36.923 -92.985  17.013]	114	6YD0
0.276	0.025	23	17.506	1.071	16.434	116.971	18.000	3.202	0.512	0.826	28.200	3.333	5	-4	30.769	2.949	5.296	0.269	10	[ 39.154 -89.595  13.924]	144	6YD0
0.276	0.025	23	17.506	1.071	16.434	116.971	18.000	3.202	0.512	0.826	28.200	3.333	5	-4	30.769	2.949	5.296	0.269	10	[  37.238 -105.456   12.279]	212	6YD0
0.743	0.814	85	75.953	20.402	55.551	416.884	27.923	3.303	0.439	0.612	34.364	3.636	5	-2	34.483	6.536	14.011	0.368	2	[  22.87  -109.525   27.376]	350	6YD0
0.743	0.814	85	75.953	20.402	55.551	416.884	27.923	3.303	0.439	0.612	34.364	3.636	5	-2	34.483	6.536	14.011	0.368	2	[  29.119 -104.442   27.947]	180	6YD0
0.743	0.814	85	75.953	20.402	55.551	416.884	27.923	3.303	0.439	0.612	34.364	3.636	5	-2	34.483	6.536	14.011	0.368	2	[  28.924 -104.43    31.781]	179	6YD0
0.743	0.814	85	75.953	20.402	55.551	416.884	27.923	3.303	0.439	0.612	34.364	3.636	5	-2	34.483	6.536	14.011	0.368	2	[  34.115 -108.014   18.56 ]	282	6YD0
0.342	0.100	24	13.442	0.000	13.442	112.495	22.250	3.249	0.357	1.000	52.273	4.182	1	0	5.263	3.452	6.775	0.404	6	[  22.87  -109.525   27.376]	350	6YD0
0.342	0.100	24	13.442	0.000	13.442	112.495	22.250	3.249	0.357	1.000	52.273	4.182	1	0	5.263	3.452	6.775	0.404	6	[  29.119 -104.442   27.947]	180	6YD0
0.342	0.100	24	13.442	0.000	13.442	112.495	22.250	3.249	0.357	1.000	52.273	4.182	1	0	5.263	3.452	6.775	0.404	6	[  28.924 -104.43    31.781]	179	6YD0
0.914	0.990	97	131.786	20.446	111.339	685.779	34.160	3.325	0.411	0.773	62.219	4.656	7	1	28.916	8.174	18.129	0.286	1	[ 26.618 -99.379  17.718]	106	6YD0
0.914	0.990	97	131.786	20.446	111.339	685.779	34.160	3.325	0.411	0.773	62.219	4.656	7	1	28.916	8.174	18.129	0.286	1	[  22.87  -109.525   27.376]	350	6YD0
0.914	0.990	97	131.786	20.446	111.339	685.779	34.160	3.325	0.411	0.773	62.219	4.656	7	1	28.916	8.174	18.129	0.286	1	[  29.119 -104.442   27.947]	180	6YD0
0.914	0.990	97	131.786	20.446	111.339	685.779	34.160	3.325	0.411	0.773	62.219	4.656	7	1	28.916	8.174	18.129	0.286	1	[  24.192 -107.011   17.717]	289	6YD0
0.914	0.990	97	131.786	20.446	111.339	685.779	34.160	3.325	0.411	0.773	62.219	4.656	7	1	28.916	8.174	18.129	0.286	1	[  28.924 -104.43    31.781]	179	6YD0
0.914	0.990	97	131.786	20.446	111.339	685.779	34.160	3.325	0.411	0.773	62.219	4.656	7	1	28.916	8.174	18.129	0.286	1	[  34.115 -108.014   18.56 ]	282	6YD0
0.251	0.006	17	0.000	0.000	0.000	73.006	13.000	3.128	0.337	0.824	56.300	4.400	3	0	18.750	2.273	4.529	0.119	12	[ 36.923 -92.985  17.013]	114	6YD0
0.251	0.006	17	0.000	0.000	0.000	73.006	13.000	3.128	0.337	0.824	56.300	4.400	3	0	18.750	2.273	4.529	0.119	12	[ 39.154 -89.595  13.924]	144	6YD0
0.107	0.004	15	18.549	6.473	12.076	78.772	11.000	3.388	0.487	0.800	10.857	4.143	4	2	29.412	1.630	4.258	0.243	32	[  29.119 -104.442   27.947]	180	6YD0
0.107	0.004	15	18.549	6.473	12.076	78.772	11.000	3.388	0.487	0.800	10.857	4.143	4	2	29.412	1.630	4.258	0.243	32	[  28.924 -104.43    31.781]	179	6YD0
0.212	0.001	23	52.641	35.734	16.907	203.367	1.000	3.479	0.430	0.174	-10.917	3.750	9	2	56.000	3.801	8.004	0.132	17	[ 26.618 -99.379  17.718]	106	6YD0
0.127	0.001	15	6.973	2.143	4.831	52.893	8.000	3.215	0.387	0.600	23.250	4.250	5	2	38.462	1.342	2.588	0.301	28	[  34.115 -108.014   18.56 ]	282	6YD0
0.367	0.541	40	30.292	1.071	29.221	241.403	33.179	3.333	0.391	0.975	82.286	4.857	1	0	12.121	4.173	9.426	0.228	4	[ 27.171 -99.672  17.881]	106	6VK4
0.367	0.541	40	30.292	1.071	29.221	241.403	33.179	3.333	0.391	0.975	82.286	4.857	1	0	12.121	4.173	9.426	0.228	4	[  24.627 -107.048   18.049]	289	6VK4
0.367	0.541	40	30.292	1.071	29.221	241.403	33.179	3.333	0.391	0.975	82.286	4.857	1	0	12.121	4.173	9.426	0.228	4	[  39.551 -100.42    20.508]	188	6VK4
0.367	0.541	40	30.292	1.071	29.221	241.403	33.179	3.333	0.391	0.975	82.286	4.857	1	0	12.121	4.173	9.426	0.228	4	[ 37.43  -93.351  17.108]	114	6VK4
0.367	0.541	40	30.292	1.071	29.221	241.403	33.179	3.333	0.391	0.975	82.286	4.857	1	0	12.121	4.173	9.426	0.228	4	[  34.866 -107.576   18.993]	282	6VK4
0.122	0.000	18	43.370	31.294	12.076	169.764	1.000	3.393	0.450	0.111	-10.636	3.455	8	1	63.636	3.049	6.408	0.048	21	[ 27.171 -99.672  17.881]	106	6VK4
0.200	0.003	43	93.326	57.097	36.229	323.662	6.000	3.350	0.492	0.302	6.533	4.000	11	0	47.500	4.937	10.683	0.374	15	[  39.551 -100.42    20.508]	188	6VK4
0.107	0.004	20	8.181	2.143	6.038	62.157	17.000	3.318	0.504	0.900	11.333	4.167	3	1	25.000	1.294	2.582	0.195	26	[  29.321 -104.417   28.099]	180	6VK4
0.107	0.004	20	8.181	2.143	6.038	62.157	17.000	3.318	0.504	0.900	11.333	4.167	3	1	25.000	1.294	2.582	0.195	26	[  29.197 -104.424   31.915]	179	6VK4
1.033	0.996	156	137.407	33.392	104.014	822.449	39.712	3.324	0.408	0.667	52.341	4.610	14	2	27.358	8.661	20.922	0.139	1	[ 27.171 -99.672  17.881]	106	6VK4
1.033	0.996	156	137.407	33.392	104.014	822.449	39.712	3.324	0.408	0.667	52.341	4.610	14	2	27.358	8.661	20.922	0.139	1	[  23.378 -109.38    27.52 ]	350	6VK4
1.033	0.996	156	137.407	33.392	104.014	822.449	39.712	3.324	0.408	0.667	52.341	4.610	14	2	27.358	8.661	20.922	0.139	1	[  29.321 -104.417   28.099]	180	6VK4
1.033	0.996	156	137.407	33.392	104.014	822.449	39.712	3.324	0.408	0.667	52.341	4.610	14	2	27.358	8.661	20.922	0.139	1	[  24.627 -107.048   18.049]	289	6VK4
1.033	0.996	156	137.407	33.392	104.014	822.449	39.712	3.324	0.408	0.667	52.341	4.610	14	2	27.358	8.661	20.922	0.139	1	[  29.197 -104.424   31.915]	179	6VK4
0.206	0.010	20	3.487	1.071	2.415	78.656	16.000	3.193	0.376	0.850	26.100	3.900	2	0	29.412	2.168	5.315	0.132	14	[  29.321 -104.417   28.099]	180	6VK4
0.206	0.010	20	3.487	1.071	2.415	78.656	16.000	3.193	0.376	0.850	26.100	3.900	2	0	29.412	2.168	5.315	0.132	14	[  29.197 -104.424   31.915]	179	6VK4
0.206	0.010	20	3.487	1.071	2.415	78.656	16.000	3.193	0.376	0.850	26.100	3.900	2	0	29.412	2.168	5.315	0.132	14	[  34.866 -107.576   18.993]	282	6VK4
0.358	0.354	68	75.751	32.277	43.475	339.006	23.586	3.308	0.477	0.426	30.167	3.667	5	-1	35.294	4.903	12.907	0.208	6	[  23.378 -109.38    27.52 ]	350	6VK4
0.358	0.354	68	75.751	32.277	43.475	339.006	23.586	3.308	0.477	0.426	30.167	3.667	5	-1	35.294	4.903	12.907	0.208	6	[  34.866 -107.576   18.993]	282	6VK4
0.155	0.003	26	54.210	33.680	20.530	161.770	10.000	3.296	0.408	0.423	20.100	4.500	7	3	45.455	3.548	6.935	0.209	17	[  29.321 -104.417   28.099]	180	6VK4
0.155	0.003	26	54.210	33.680	20.530	161.770	10.000	3.296	0.408	0.423	20.100	4.500	7	3	45.455	3.548	6.935	0.209	17	[  29.197 -104.424   31.915]	179	6VK4
0.108	0.000	17	4.694	1.071	3.623	51.225	2.000	3.257	0.518	0.176	15.714	4.286	5	2	37.500	1.256	2.730	0.239	25	[  39.551 -100.42    20.508]	188	6VK4
0.108	0.000	17	4.694	1.071	3.623	51.225	2.000	3.257	0.518	0.176	15.714	4.286	5	2	37.500	1.256	2.730	0.239	25	[  34.866 -107.576   18.993]	282	6VK4
0.376	0.033	25	0.000	0.000	0.000	176.415	17.600	3.294	0.547	0.800	36.471	3.588	5	-4	34.375	3.597	7.815	0.423	3	[  39.551 -100.42    20.508]	188	6VK4
0.376	0.033	25	0.000	0.000	0.000	176.415	17.600	3.294	0.547	0.800	36.471	3.588	5	-4	34.375	3.597	7.815	0.423	3	[ 37.43  -93.351  17.108]	114	6VK4
0.376	0.033	25	0.000	0.000	0.000	176.415	17.600	3.294	0.547	0.800	36.471	3.588	5	-4	34.375	3.597	7.815	0.423	3	[ 39.586 -89.84   13.945]	144	6VK4
0.376	0.033	25	0.000	0.000	0.000	176.415	17.600	3.294	0.547	0.800	36.471	3.588	5	-4	34.375	3.597	7.815	0.423	3	[  38.36  -105.16    12.152]	212	6VK4
0.253	0.009	17	2.494	0.000	2.494	72.754	13.000	3.129	0.341	0.824	56.300	4.400	3	0	18.750	2.284	4.405	0.102	16	[ 31.803 -96.9    18.239]	110	6YDI
0.286	0.014	18	2.415	0.000	2.415	65.775	14.000	3.104	0.345	0.833	66.750	5.375	3	0	18.750	2.572	5.110	0.368	14	[  29.341 -108.567   20.609]	285	6YDI
0.131	0.001	15	3.487	1.071	2.415	50.978	6.000	3.272	0.416	0.467	23.250	4.250	5	2	38.462	1.127	2.484	0.289	34	[  34.09  -101.864   24.842]	184	6YDI
0.131	0.001	15	3.487	1.071	2.415	50.978	6.000	3.272	0.416	0.467	23.250	4.250	5	2	38.462	1.127	2.484	0.289	34	[  40.009 -107.399   19.705]	278	6YDI
0.160	0.006	27	71.592	41.401	30.191	179.822	9.636	3.306	0.410	0.407	27.273	4.545	7	3	44.000	3.561	7.276	0.194	29	[ 28.285 -96.243  32.591]	176	6YDI
0.160	0.006	27	71.592	41.401	30.191	179.822	9.636	3.306	0.410	0.407	27.273	4.545	7	3	44.000	3.561	7.276	0.194	29	[ 26.437 -96.343  29.235]	175	6YDI
0.381	0.074	52	53.693	24.710	28.983	232.517	17.053	3.322	0.378	0.365	36.286	4.571	8	1	33.333	3.552	7.898	0.172	5	[  20.553 -101.448   18.416]	102	6YDI
0.302	0.003	24	13.288	9.665	3.623	106.078	7.000	3.170	0.325	0.333	54.455	3.727	1	0	33.333	2.823	5.583	0.146	13	[ 28.285 -96.243  32.591]	176	6YDI
0.302	0.003	24	13.288	9.665	3.623	106.078	7.000	3.170	0.325	0.333	54.455	3.727	1	0	33.333	2.823	5.583	0.146	13	[ 26.437 -96.343  29.235]	175	6YDI
0.146	0.005	20	90.442	37.722	52.720	224.723	6.444	3.298	0.510	0.450	4.900	4.800	7	3	38.462	4.636	10.266	0.267	33	[  34.09  -101.864   24.842]	184	6YDI
0.798	0.924	85	77.160	20.402	56.759	399.695	28.148	3.298	0.441	0.635	31.870	3.739	6	-1	35.593	6.514	14.524	0.334	1	[  26.677 -113.425   25.21 ]	346	6YDI
0.798	0.924	85	77.160	20.402	56.759	399.695	28.148	3.298	0.441	0.635	31.870	3.739	6	-1	35.593	6.514	14.524	0.334	1	[  29.341 -108.567   20.609]	285	6YDI
0.798	0.924	85	77.160	20.402	56.759	399.695	28.148	3.298	0.441	0.635	31.870	3.739	6	-1	35.593	6.514	14.524	0.334	1	[  34.09  -101.864   24.842]	184	6YDI
0.175	0.019	19	0.000	0.000	0.000	40.315	18.000	3.098	0.382	1.000	84.500	5.167	1	0	13.333	1.199	3.190	0.331	25	[  40.009 -107.399   19.705]	278	6YDI
0.175	0.019	19	0.000	0.000	0.000	40.315	18.000	3.098	0.382	1.000	84.500	5.167	1	0	13.333	1.199	3.190	0.331	25	[  40.967 -102.956   14.879]	208	6YDI
0.352	0.230	46	109.539	33.459	76.081	323.258	13.867	3.354	0.458	0.326	29.556	4.000	9	1	45.455	5.874	13.809	0.369	8	[ 44.221 -90.093  11.035]	140	6YDI
0.223	0.016	18	17.996	1.071	16.924	105.172	13.000	3.274	0.499	0.778	34.923	3.462	4	-3	30.000	2.547	6.106	0.275	20	[ 31.803 -96.9    18.239]	110	6YDI
0.394	0.222	44	104.555	15.111	89.444	430.393	17.231	3.389	0.420	0.591	48.333	4.381	6	1	35.294	5.721	10.990	0.230	4	[  26.677 -113.425   25.21 ]	346	6YDI
0.394	0.222	44	104.555	15.111	89.444	430.393	17.231	3.389	0.420	0.591	48.333	4.381	6	1	35.294	5.721	10.990	0.230	4	[ 28.285 -96.243  32.591]	176	6YDI
0.394	0.222	44	104.555	15.111	89.444	430.393	17.231	3.389	0.420	0.591	48.333	4.381	6	1	35.294	5.721	10.990	0.230	4	[  29.341 -108.567   20.609]	285	6YDI
0.394	0.222	44	104.555	15.111	89.444	430.393	17.231	3.389	0.420	0.591	48.333	4.381	6	1	35.294	5.721	10.990	0.230	4	[ 26.437 -96.343  29.235]	175	6YDI
0.366	0.232	25	14.729	0.000	14.729	115.979	22.880	3.238	0.347	1.000	56.167	4.250	1	0	5.000	3.514	7.385	0.380	6	[  26.677 -113.425   25.21 ]	346	6YDI
0.188	0.001	15	7.703	6.495	1.208	70.687	3.000	3.184	0.376	0.267	-5.778	4.111	8	0	57.143	1.934	4.174	0.348	23	[  40.009 -107.399   19.705]	278	6YDI
0.264	0.001	31	47.472	37.811	9.661	180.870	0.000	3.322	0.412	0.000	-7.615	3.846	11	-1	66.667	3.363	7.167	0.464	15	[  40.009 -107.399   19.705]	278	6YDI
0.562	0.873	45	38.802	0.000	38.802	267.601	30.318	3.266	0.385	0.978	88.062	5.250	2	0	13.514	5.145	10.861	0.236	2	[  26.677 -113.425   25.21 ]	346	6YDI
0.562	0.873	45	38.802	0.000	38.802	267.601	30.318	3.266	0.385	0.978	88.062	5.250	2	0	13.514	5.145	10.861	0.236	2	[  29.341 -108.567   20.609]	285	6YDI
0.562	0.873	45	38.802	0.000	38.802	267.601	30.318	3.266	0.385	0.978	88.062	5.250	2	0	13.514	5.145	10.861	0.236	2	[  34.09  -101.864   24.842]	184	6YDI
0.562	0.873	45	38.802	0.000	38.802	267.601	30.318	3.266	0.385	0.978	88.062	5.250	2	0	13.514	5.145	10.861	0.236	2	[ 31.803 -96.9    18.239]	110	6YDI
